<Ui xmlns="http://www.blizzard.com/wow/ui/"  
xmlns:xsi="http://www.w3.org/2001/XMLSchema-instance" 
xsi:schemaLocation="http://www.blizzard.com/wow/ui/ C:\Projects\WoW\Bin\Interface\FrameXML\UI.xsd">
  <!-- $Id$ -->
  
  <!-- Localization -->
  <Script file="Localization.lua"/>
  
  <!-- My Script -->
  <Script file="MLDps.lua"/>

  <!-- My AddOn Frames -->
  <GameTooltip name="MLDpsTooltip" frameStrata="TOOLTIP" hidden="true" parent="UIParent" inherits="GameTooltipTemplate"/>
  <Frame name="MLDpsFrame" parent="UIParent">
    <Scripts>
      <OnLoad>
        MLDps_OnLoad();
      </OnLoad>
      <OnEvent>
        MLDps_OnEvent(event);
      </OnEvent>
    </Scripts>
  </Frame>
</Ui>
